{
  "nodes": {
    "h4_bus_stand": {
      "coord": [
        23.177276966878992,
        80.0198139979294
      ],
      "neighbors": {
        "point1_h3_btw_h4": 0.018336,
        "nescafe_bus_stand_h3_7": 0.045532
      }
    },
    "point1_h3_btw_h4": {
      "coord": [
        23.177114412145826,
        80.01984413872536
      ],
      "neighbors": {
        "h4_bus_stand": 0.018336,
        "intersection_h4_and_h3": 0.097262
      }
    },
    "intersection_h4_and_h3": {
      "coord": [
        23.176289414342197,
        80.02016030281689
      ],
      "neighbors": {
        "point1_h3_btw_h4": 0.097262,
        "point1_h4": 0.021541,
        "point1_h3": 0.025011,
        "point1_panini": 0.023339
      }
    },
    "point1_h4": {
      "coord": [
        23.17618295436425,
        80.01998424774462
      ],
      "neighbors": {
        "intersection_h4_and_h3": 0.021541,
        "h4_front": 0.020354
      }
    },
    "h4_front": {
      "coord": [
        23.176123776301715,
        80.0197958225565
      ],
      "neighbors": {
        "point1_h4": 0.020354,
        "h4_gate": 0.007066
      }
    },
    "h4_gate": {
      "coord": [
        23.17618418724028,
        80.01977436488383
      ],
      "neighbors": {
        "h4_front": 0.007066
      }
    },
    "point1_h3": {
      "coord": [
        23.176356173334366,
        80.02039395518209
      ],
      "neighbors": {
        "intersection_h4_and_h3": 0.025011,
        "h3_front": 0.015355
      }
    },
    "h3_front": {
      "coord": [
        23.176404255428654,
        80.02053477115896
      ],
      "neighbors": {
        "h3_gate": 0.004582,
        "point1_h3": 0.015355,
        "point1_Basketball_court_road": 0.025037
      }
    },
    "h3_gate": {
      "coord": [
        23.17644247451694,
        80.0205180073522
      ],
      "neighbors": {
        "h3_front": 0.004582
      }
    },
    "point1_Basketball_court_road": {
      "coord": [
        23.176488090837264,
        80.02076208836577
      ],
      "neighbors": {
        "Basketball_court_road": 0.021394,
        "h3_front": 0.025037
      }
    },
    "Basketball_court_road": {
      "coord": [
        23.176565145391283,
        80.02095386631522
      ],
      "neighbors": {
        "point1_Basketball_court_road": 0.021394,
        "point1_mess": 0.016483
      }
    },
    "point1_mess": {
      "coord": [
        23.176661309415465,
        80.02107657737703
      ],
      "neighbors": {
        "Basketball_court_road": 0.016483,
        "point2_mess_road": 0.021037
      }
    },
    "point2_mess_road": {
      "coord": [
        23.17679322661415,
        80.0212240988766
      ],
      "neighbors": {
        "point1_mess": 0.021037,
        "point1_cricket_ground_shell": 0.033694,
        "mess_front": 0.011394
      }
    },
    "mess_front": {
      "coord": [
        23.176887541172146,
        80.02118051297684
      ],
      "neighbors": {
        "point2_mess_road": 0.011394,
        "mess_gate": 0.014171
      }
    },
    "mess_gate": {
      "coord": [
        23.177012060937685,
        80.02121001727676
      ],
      "neighbors": {
        "mess_front": 0.014171
      }
    },
    "point1_cricket_ground_shell": {
      "coord": [
        23.177006953574317,
        80.02145775747127
      ],
      "neighbors": {
        "point2_mess_road": 0.033694,
        "point2_cricket_ground_shell": 0.028628
      }
    },
    "point2_cricket_ground_shell": {
      "coord": [
        23.177170924976345,
        80.02167367530244
      ],
      "neighbors": {
        "point1_cricket_ground_shell": 0.028628,
        "point3_cricket_ground_shell": 0.047796
      }
    },
    "point3_cricket_ground_shell": {
      "coord": [
        23.177284937071235,
        80.02212450762197
      ],
      "neighbors": {
        "point2_cricket_ground_shell": 0.047796,
        "intersection_h1_and_MS": 0.04492
      }
    },
    "intersection_h1_and_MS": {
      "coord": [
        23.17735851660076,
        80.0225565990682
      ],
      "neighbors": {
        "point3_cricket_ground_shell": 0.04492,
        "point1_lhtc": 0.02091,
        "point1_h1": 0.013558,
        "point5_oldsac": 0.028545
      }
    },
    "point1_lhtc": {
      "coord": [
        23.177362215196304,
        80.0227611175108
      ],
      "neighbors": {
        "intersection_h1_and_MS": 0.02091,
        "point2_lhtc": 0.007081
      }
    },
    "point2_lhtc": {
      "coord": [
        23.177350845426247,
        80.02282927751527
      ],
      "neighbors": {
        "point3_lhtc": 0.014813,
        "point1_lhtc": 0.007081
      }
    },
    "point3_lhtc": {
      "coord": [
        23.177346530397735,
        80.02297411680577
      ],
      "neighbors": {
        "point4_lhtc": 0.008134,
        "point2_lhtc": 0.014813
      }
    },
    "point4_lhtc": {
      "coord": [
        23.177379446478735,
        80.02304518290411
      ],
      "neighbors": {
        "point5_lhtc": 0.012765,
        "point3_lhtc": 0.008134
      }
    },
    "point5_lhtc": {
      "coord": [
        23.17740824902499,
        80.02316606597468
      ],
      "neighbors": {
        "point4_lhtc": 0.012765,
        "point6_lhtc": 0.073185
      }
    },
    "point6_lhtc": {
      "coord": [
        23.17753091901363,
        80.02386947530016
      ],
      "neighbors": {
        "point5_lhtc": 0.073185,
        "point7_lhtc": 0.006361
      }
    },
    "point7_lhtc": {
      "coord": [
        23.177565439190325,
        80.0239190961682
      ],
      "neighbors": {
        "point6_lhtc": 0.006361,
        "point8_lhtc": 0.022908
      }
    },
    "point8_lhtc": {
      "coord": [
        23.177737423513697,
        80.02404247778179
      ],
      "neighbors": {
        "point7_lhtc": 0.022908,
        "point9_lhtc": 0.02499
      }
    },
    "point9_lhtc": {
      "coord": [
        23.17793591410178,
        80.0241571422201
      ],
      "neighbors": {
        "point8_lhtc": 0.02499,
        "point10_lhtc": 0.007911
      }
    },
    "point10_lhtc": {
      "coord": [
        23.17799200921462,
        80.02420475143133
      ],
      "neighbors": {
        "point9_lhtc": 0.007911,
        "point11_lhtc": 0.004239
      }
    },
    "point11_lhtc": {
      "coord": [
        23.178016049970065,
        80.02423693794033
      ],
      "neighbors": {
        "point10_lhtc": 0.004239,
        "point12_lhtc": 0.006588
      }
    },
    "point12_lhtc": {
      "coord": [
        23.1780209520411,
        80.02430117061725
      ],
      "neighbors": {
        "point11_lhtc": 0.006588,
        "point2_hexagon": 0.022077
      }
    },
    "point1_h1": {
      "coord": [
        23.17747986928547,
        80.02256946037959
      ],
      "neighbors": {
        "point2_h1": 0.016775,
        "intersection_h1_and_MS": 0.013558
      }
    },
    "point2_h1": {
      "coord": [
        23.177610096101986,
        80.02248662410011
      ],
      "neighbors": {
        "h1_front": 0.029218,
        "point1_lhtc": 0.039332
      }
    },
    "h1_front": {
      "coord": [
        23.17784694041524,
        80.02236284546909
      ],
      "neighbors": {
        "point2_h1": 0.029218,
        "point1_nescafe": 0.030293
      }
    },
    "point1_nescafe": {
      "coord": [
        23.178104089764606,
        80.02226497120634
      ],
      "neighbors": {
        "h1_front": 0.030293,
        "point2_nescafe": 0.027096
      }
    },
    "point2_nescafe": {
      "coord": [
        23.178345601086267,
        80.02222971288863
      ],
      "neighbors": {
        "point1_nescafe": 0.027096,
        "point3_nescafe": 0.028157
      }
    },
    "point3_nescafe": {
      "coord": [
        23.17858166941199,
        80.02232936423421
      ],
      "neighbors": {
        "point2_nescafe": 0.028157,
        "nescafe_front": 0.02587
      }
    },
    "nescafe_front": {
      "coord": [
        23.17879255781609,
        80.02243623592817
      ],